model,variant,split,accuracy,macro_f1
ZeroShot-LICL,ZS,test_clean,0.7891111111111111,0.7231438350876834
ZeroShot-LICL,ZS,test_noisy,0.7431111111111111,0.6808314882072088
ZeroShot-LICL,ZS,test_polluted,0.7314545454545455,0.7425027892413889
