model,acc_clean,macro_f1_clean,auroc_oos_polluted,fpr@tpr95_polluted
majority,0.006666666666666667,8.830022075055188e-05,0.5,1.0
tfidf+lr,0.8986666666666666,0.8976068956624143,0.9210769999999999,0.2868888888888889
bert-linear(frozen),0.9446666666666667,0.9444596703403537,0.9641559999999999,0.15933333333333333
