split,accuracy,macro_f1
clean,0.7891111111111111,0.7231438350876834
noisy,0.7431111111111111,0.6808314882072088
polluted,0.7314545454545455,0.7425027892413889
