model,acc_clean,macro_f1_clean,auroc_oos_polluted,fpr@tpr95_polluted
TFIDF+LR,0.8991111111111111,0.8981875360402208,,
BERT-Linear,0.9433333333333334,0.9430467524475823,,
